Agriculture, fishing and forestry;Agriculture
Agriculture, fishing and forestry;Fishing and aquaculture
Agriculture, fishing and forestry;Food security
Agriculture, fishing and forestry;Forestry
Arts and culture;Arts services
Arts and culture;Cultural awareness
Arts and culture;Folk arts
Arts and culture;Historical activities
Arts and culture;Humanities
Arts and culture;Museums
Arts and culture;Performing arts
Arts and culture;Public arts
Arts and culture;Visual arts
Community and economic development;Business and industry
Community and economic development;Community improvement
Community and economic development;Economic development
Community and economic development;Financial services
Community and economic development;Housing development
Community and economic development;Sustainable development
Education;Adult education
Education;Early childhood education
Education;Education services
Education;Educational management
Education;Elementary and secondary education
Education;Equal opportunity in education
Education;Graduate and professional education
Education;Higher education
Education;Student services
Education;Vocational education
Environment;Biodiversity
Environment;Climate change
Environment;Domesticated animals
Environment;Environmental education
Environment;Environmental justice
Environment;Natural resources
Health;Diseases and conditions
Health;Health care access
Health;Health care administration and financing
Health;Health care quality
Health;Holistic medicine
Health;In-patient medical care
Health;Medical specialties
Health;Medical support services
Health;Mental health care
Health;Nursing care
Health;Out-patient medical care
Health;Public health
Health;Rehabilitation
Health;Reproductive health care
Health;Traditional medicine and healing
Human rights;Antidiscrimination
Human rights;Diversity and intergroup relations
Human rights;Individual liberties
Human rights;Justice rights
Human rights;Social rights
Human services;Basic and emergency aid
Human services;Family services
Human services;Human services information
Human services;Human services management
Human services;Job services
Human services;Personal services
Human services;Shelter and residential care
Human services;Special population support
Human services;Youth development
Information and communications;Communication media
Information and communications;Information and communications technology
Information and communications;Libraries
Information and communications;Media access and policy
Information and communications;News and public information
International relations;Foreign policy
International relations;Goodwill promotion
International relations;International development
International relations;International economics and trade
International relations;International exchange
International relations;International peace and security
International relations;Multilateral cooperation
Philanthropy;Foundations
Philanthropy;Nonprofits
Philanthropy;Philanthropy and public policy
Philanthropy;Venture philanthropy
Philanthropy;Voluntarism
Public affairs;Democracy
Public affairs;Leadership development
Public affairs;National security
Public affairs;Public administration
Public affairs;Public policy
Public affairs;Public utilities
Public affairs;Public/private ventures
Public safety;Abuse prevention
Public safety;Consumer protection
Public safety;Corrections and penology
Public safety;Courts
Public safety;Crime prevention
Public safety;Disasters and emergency management
Public safety;Fire prevention and control
Public safety;Legal services
Public safety;Safety education
Religion;Baha'i
Religion;Buddhism
Religion;Christianity
Religion;Confucianism
Religion;Hinduism
Religion;Interfaith
Religion;Islam
Religion;Judaism
Religion;Shintoism
Religion;Sikhism
Religion;Spirituality
Religion;Theology
Religion;Tribal and indigenous religions
Science;Biology
Science;Engineering
Science;Forensic science
Science;Mathematics
Science;Physical and earth sciences
Science;Technology
Social sciences;Anthropology
Social sciences;Economics
Social sciences;Geography
Social sciences;Interdisciplinary studies
Social sciences;Law
Social sciences;Paranormal and mystic studies
Social sciences;Political science
Social sciences;Population studies
Social sciences;Psychology and behavioral science
Social sciences;Sociology
Sports and recreation;Community recreation
Sports and recreation;Sports
Unknown or not classified;Unknown or not classified